step_idx,power_dbm_requested,packet_idx_in_step,tx_id,send_ts_ns,done_ts_ns,elapsed_us,outcome,status_code,toa_us,lbt_enabled,inter_cycle_s,cfg_set_age_ms,host_loop_iter_us,python_rss_kb
0,2,0,0x00,270845086690000,270845137467125,50777,ok,0,25728,1,0.0500,20,0,0
0,2,1,0x01,270845188691250,270845230158125,41466,ok,0,25728,1,0.0500,122,102001,0
0,2,2,0x02,270845280846500,270845331790750,50944,ok,0,25728,1,0.0500,215,92155,0
0,2,3,0x03,270845382946000,270845433850375,50904,ok,0,25728,1,0.0500,317,102099,0
0,2,4,0x04,270845484730000,270845535110000,50380,ok,0,25728,1,0.0500,418,101784,0
0,2,5,0x05,270845586293625,270845639456000,53162,ok,0,25728,1,0.0500,520,101563,0
0,2,6,0x06,270845690313125,270845730555875,40242,ok,0,25728,1,0.0500,624,104019,0
0,2,7,0x07,270845781281250,270845832705000,51423,ok,0,25728,1,0.0500,715,90968,0
0,2,8,0x08,270845883433500,270845938022000,54588,ok,0,25728,1,0.0500,817,102152,0
0,2,9,0x09,270845989558500,270846043596750,54038,ok,0,25728,1,0.0500,923,106125,0
0,2,10,0x0a,270846094873000,270846147711500,52838,ok,0,25728,1,0.0500,1029,105314,0
0,2,11,0x0b,270846199035125,270846250607250,51572,ok,0,25728,1,0.0500,1133,104162,0
0,2,12,0x0c,270846302432500,270846357730625,55298,ok,0,25728,1,0.0500,1236,103397,0
0,2,13,0x0d,270846409463000,270846465018625,55555,ok,0,25728,1,0.0500,1343,107030,0
0,2,14,0x0e,270846516239625,270846558415500,42175,ok,0,25728,1,0.0500,1450,106776,0
0,2,15,0x0f,270846608958875,270846649153000,40194,ok,0,25728,1,0.0500,1543,92719,0
0,2,16,0x10,270846700519625,270846756133125,55613,ok,0,25728,1,0.0500,1634,91560,0
0,2,17,0x11,270846807845375,270846849530625,41685,ok,0,25728,1,0.0500,1742,107325,0
0,2,18,0x12,270846901123250,270846947179000,46055,ok,0,25728,1,0.0500,1835,93277,0
0,2,19,0x13,270846998425625,270847043829750,45404,ok,0,25728,1,0.0500,1932,97302,0
0,2,20,0x14,270847094337375,270847145627000,51289,ok,0,25728,1,0.0500,2028,95911,0
0,2,21,0x15,270847197067875,270847252637500,55569,ok,0,25728,1,0.0500,2131,102730,0
0,2,22,0x16,270847303817125,270847355443000,51625,ok,0,25728,1,0.0500,2237,106749,0
0,2,23,0x17,270847407147500,270847462484250,55336,ok,0,25728,1,0.0500,2341,103330,0
0,2,24,0x18,270847514029750,270847569019250,54989,ok,0,25728,1,0.0500,2448,106882,0
0,2,25,0x19,270847620554375,270847675179375,54625,ok,0,25728,1,0.0500,2554,106524,0
0,2,26,0x1a,270847726855250,270847783629000,56773,ok,0,25728,1,0.0500,2661,106300,0
0,2,27,0x1b,270847834829125,270847876809375,41980,ok,0,25728,1,0.0500,2768,107973,0
0,2,28,0x1c,270847927828250,270847981713500,53885,ok,0,25728,1,0.0500,2861,92999,0
0,2,29,0x1d,270848032683750,270848086582250,53898,ok,0,25728,1,0.0500,2966,104855,0
0,2,30,0x1e,270848137552375,270848194658250,57105,ok,0,25728,1,0.0500,3071,104868,0
0,2,31,0x1f,270848247791625,270848302283000,54491,ok,0,25728,1,0.0500,3181,110239,0
0,2,32,0x20,270848353861375,270848408952125,55090,ok,0,25728,1,0.0500,3288,106069,0
0,2,33,0x21,270848460827250,270848515274500,54447,ok,0,25728,1,0.0500,3394,106965,0
0,2,34,0x22,270848566957250,270848621947000,54989,ok,0,25728,1,0.0500,3501,106130,0
0,2,35,0x23,270848673644375,270848729086125,55441,ok,0,25728,1,0.0500,3607,106687,0
0,2,36,0x24,270848780872125,270848836216500,55344,ok,0,25728,1,0.0500,3715,107227,0
0,2,37,0x25,270848887081000,270848927528875,40447,ok,0,25728,1,0.0500,3821,106208,0
0,2,38,0x26,270848978737625,270849036138875,57401,ok,0,25728,1,0.0500,3912,91656,0
0,2,39,0x27,270849087596375,270849142866625,55270,ok,0,25728,1,0.0500,4021,108858,0
0,2,40,0x28,270849194584625,270849249894750,55310,ok,0,25728,1,0.0500,4128,106988,0
0,2,41,0x29,270849301739000,270849357401375,55662,ok,0,25728,1,0.0500,4235,107154,0
0,2,42,0x2a,270849409113500,270849464624125,55510,ok,0,25728,1,0.0500,4343,107374,0
0,2,43,0x2b,270849515797000,270849567453500,51656,ok,0,25728,1,0.0500,4449,106683,0
0,2,44,0x2c,270849618302250,270849658696000,40393,ok,0,25728,1,0.0500,4552,102505,0
0,2,45,0x2d,270849709979500,270849764731375,54751,ok,0,25728,1,0.0500,4644,91677,0
0,2,46,0x2e,270849815976750,270849871448750,55472,ok,0,25728,1,0.0500,4750,105997,0
0,2,47,0x2f,270849923524375,270849978391500,54867,ok,0,25728,1,0.0500,4857,107547,0
0,2,48,0x30,270850029792625,270850071711500,41918,ok,0,25728,1,0.0500,4963,106268,0
0,2,49,0x31,270850122762125,270850175614750,52852,ok,0,25728,1,0.0500,5056,92969,0
1,3,0,0x00,270850282549375,270850332215500,49666,ok,0,25728,1,0.0500,23,159787,0
1,3,1,0x01,270850383717500,270850437733000,54015,ok,0,25728,1,0.0500,124,101168,0
1,3,2,0x02,270850488179500,270850538429875,50250,ok,0,25728,1,0.0500,228,104462,0
1,3,3,0x03,270850590075750,270850644205250,54129,ok,0,25728,1,0.0500,330,101896,0
1,3,4,0x04,270850695542125,270850741080125,45538,ok,0,25728,1,0.0500,436,105466,0
1,3,5,0x05,270850792446875,270850847228625,54781,ok,0,25728,1,0.0500,533,96904,0
1,3,6,0x06,270850898859375,270850953990500,55131,ok,0,25728,1,0.0500,639,106412,0
1,3,7,0x07,270851005038625,270851062448875,57410,ok,0,25728,1,0.0500,745,106179,0
1,3,8,0x08,270851113612000,270851164105375,50493,ok,0,25728,1,0.0500,854,108573,0
1,3,9,0x09,270851215832750,270851272399500,56566,ok,0,25728,1,0.0500,956,102220,0
1,3,10,0x0a,270851323499875,270851366094750,42594,ok,0,25728,1,0.0500,1064,107667,0
1,3,11,0x0b,270851416906500,270851458760375,41853,ok,0,25728,1,0.0500,1157,93406,0
1,3,12,0x0c,270851509171625,270851560830875,51659,ok,0,25728,1,0.0500,1249,92265,0
1,3,13,0x0d,270851611560875,270851661321625,49760,ok,0,25728,1,0.0500,1352,102389,0
1,3,14,0x0e,270851712454875,270851762905125,50450,ok,0,25728,1,0.0500,1453,100894,0
1,3,15,0x0f,270851814093750,270851863964125,49870,ok,0,25728,1,0.0500,1554,101638,0
1,3,16,0x10,270851915574375,270851961691625,46117,ok,0,25728,1,0.0500,1656,101480,0
1,3,17,0x11,270852012360250,270852058431375,46071,ok,0,25728,1,0.0500,1753,96785,0
1,3,18,0x12,270852110147625,270852167884250,57736,ok,0,25728,1,0.0500,1850,97787,0
1,3,19,0x13,270852219118375,270852265206375,46088,ok,0,25728,1,0.0500,1959,108970,0
1,3,20,0x14,270852316122500,270852356466625,40344,ok,0,25728,1,0.0500,2056,97004,0
1,3,21,0x15,270852407850750,270852462275375,54424,ok,0,25728,1,0.0500,2148,91728,0
1,3,22,0x16,270852513641625,270852574479125,60837,ok,0,25728,1,0.0500,2254,105790,0
1,3,23,0x17,270852626741125,270852682088500,55347,ok,0,25728,1,0.0500,2367,113099,0
1,3,24,0x18,270852733936000,270852790552500,56616,ok,0,25728,1,0.0500,2474,107194,0
1,3,25,0x19,270852842297875,270852904376625,62078,ok,0,25728,1,0.0500,2582,108361,0
1,3,26,0x1a,270852956248500,270853007561625,51313,ok,0,25728,1,0.0500,2696,113950,0
1,3,27,0x1b,270853059176000,270853114129125,54953,ok,0,25728,1,0.0500,2799,102927,0
1,3,28,0x1c,270853164944375,270853215283125,50338,ok,0,25728,1,0.0500,2905,105768,0
1,3,29,0x1d,270853266088750,270853317008875,50920,ok,0,25728,1,0.0500,3006,101144,0
1,3,30,0x1e,270853367786750,270853418360375,50573,ok,0,25728,1,0.0500,3108,101698,0
1,3,31,0x1f,270853469135625,270853519622875,50487,ok,0,25728,1,0.0500,3209,101348,0
1,3,32,0x20,270853570742625,270853631002625,60260,ok,0,25728,1,0.0500,3311,101607,0
1,3,33,0x21,270853684635875,270853744305250,59669,ok,0,25728,1,0.0500,3425,113893,0
1,3,34,0x22,270853795334625,270853850129375,54794,ok,0,25728,1,0.0500,3535,110698,0
1,3,35,0x23,270853901122000,270853952977125,51855,ok,0,25728,1,0.0500,3641,105787,0
1,3,36,0x24,270854004865125,270854050760000,45894,ok,0,25728,1,0.0500,3745,103743,0
1,3,37,0x25,270854102071750,270854147936375,45864,ok,0,25728,1,0.0500,3842,97206,0
1,3,38,0x26,270854198752125,270854250607500,51855,ok,0,25728,1,0.0500,3939,96680,0
1,3,39,0x27,270854301382750,270854340643250,39260,ok,0,25728,1,0.0500,4042,102630,0
1,3,40,0x28,270854391694250,270854433074625,41380,ok,0,25728,1,0.0500,4132,90311,0
1,3,41,0x29,270854484617750,270854539817500,55199,ok,0,25728,1,0.0500,4225,92923,0
1,3,42,0x2a,270854591629500,270854645827000,54197,ok,0,25728,1,0.0500,4332,107011,0
1,3,43,0x2b,270854697521125,270854759345875,61824,ok,0,25728,1,0.0500,4438,105891,0
1,3,44,0x2c,270854810632750,270854856082000,45449,ok,0,25728,1,0.0500,4551,113111,0
1,3,45,0x2d,270854907142875,270854961754000,54611,ok,0,25728,1,0.0500,4647,96510,0
1,3,46,0x2e,270855013132000,270855066777375,53645,ok,0,25728,1,0.0500,4753,105989,0
1,3,47,0x2f,270855117988875,270855160776375,42787,ok,0,25728,1,0.0500,4858,104856,0
1,3,48,0x30,270855212250125,270855267243000,54992,ok,0,25728,1,0.0500,4952,94261,0
1,3,49,0x31,270855318706875,270855380991125,62284,ok,0,25728,1,0.0500,5059,106456,0
2,4,0,0x00,270855490277125,270855539875250,49598,ok,0,25728,1,0.0500,25,171570,0
2,4,1,0x01,270855591024500,270855642952625,51928,ok,0,25728,1,0.0500,126,100747,0
2,4,2,0x02,270855693665875,270855743560000,49894,ok,0,25728,1,0.0500,229,102641,0
2,4,3,0x03,270855795376375,270855857410625,62034,ok,0,25728,1,0.0500,330,101710,0
2,4,4,0x04,270855908568750,270855958236875,49668,ok,0,25728,1,0.0500,444,113192,0
2,4,5,0x05,270856009702125,270856064940750,55238,ok,0,25728,1,0.0500,545,101133,0
2,4,6,0x06,270856116375500,270856167687625,51312,ok,0,25728,1,0.0500,651,106673,0
2,4,7,0x07,270856218886250,270856267902125,49015,ok,0,25728,1,0.0500,754,102510,0
2,4,8,0x08,270856318667750,270856358290875,39623,ok,0,25728,1,0.0500,854,99781,0
2,4,9,0x09,270856409515750,270856462867375,53351,ok,0,25728,1,0.0500,944,90848,0
2,4,10,0x0a,270856513918250,270856567433625,53515,ok,0,25728,1,0.0500,1049,104402,0
2,4,11,0x0b,270856618386875,270856666640375,48253,ok,0,25728,1,0.0500,1153,104468,0
2,4,12,0x0c,270856717348375,270856774475750,57127,ok,0,25728,1,0.0500,1252,98961,0
2,4,13,0x0d,270856826101750,270856876127125,50025,ok,0,25728,1,0.0500,1361,108753,0
2,4,14,0x0e,270856926782250,270856966820125,40037,ok,0,25728,1,0.0500,1462,100680,0
2,4,15,0x0f,270857017217375,270857067531250,50313,ok,0,25728,1,0.0500,1552,90435,0
2,4,16,0x10,270857118749375,270857161423750,42674,ok,0,25728,1,0.0500,1654,101532,0
2,4,17,0x11,270857213110000,270857268171625,55061,ok,0,25728,1,0.0500,1748,94360,0
2,4,18,0x12,270857319778750,270857376529625,56750,ok,0,25728,1,0.0500,1855,106668,0
2,4,19,0x13,270857427668750,270857469652875,41984,ok,0,25728,1,0.0500,1963,107890,0
2,4,20,0x14,270857520297500,270857560315375,40017,ok,0,25728,1,0.0500,2055,92628,0
2,4,21,0x15,270857611473125,270857666762625,55289,ok,0,25728,1,0.0500,2146,91175,0
2,4,22,0x16,270857718400000,270857775510000,57110,ok,0,25728,1,0.0500,2253,106926,0
2,4,23,0x17,270857826988500,270857883706000,56717,ok,0,25728,1,0.0500,2362,108588,0
2,4,24,0x18,270857934665500,270857974873250,40207,ok,0,25728,1,0.0500,2470,107677,0
2,4,25,0x19,270858026076500,270858081476875,55400,ok,0,25728,1,0.0500,2561,91411,0
2,4,26,0x1a,270858132478750,270858174365500,41886,ok,0,25728,1,0.0500,2667,106402,0
2,4,27,0x1b,270858224775125,270858275930750,51155,ok,0,25728,1,0.0500,2760,92296,0
2,4,28,0x1c,270858327440875,270858373262125,45821,ok,0,25728,1,0.0500,2862,102665,0
2,4,29,0x1d,270858424742375,270858476556625,51814,ok,0,25728,1,0.0500,2960,97301,0
2,4,30,0x1e,270858527787875,270858573672500,45884,ok,0,25728,1,0.0500,3063,103045,0
2,4,31,0x1f,270858624208250,270858674613875,50405,ok,0,25728,1,0.0500,3159,96420,0
2,4,32,0x20,270858725726250,270858778185500,52459,ok,0,25728,1,0.0500,3261,101518,0
2,4,33,0x21,270858829312125,270858883283625,53971,ok,0,25728,1,0.0500,3364,103585,0
2,4,34,0x22,270858934402875,270858976839750,42436,ok,0,25728,1,0.0500,3469,105090,0
2,4,35,0x23,270859028343625,270859073804500,45460,ok,0,25728,1,0.0500,3563,93940,0
2,4,36,0x24,270859124147750,270859174104625,49956,ok,0,25728,1,0.0500,3659,95804,0
2,4,37,0x25,270859225203250,270859278471125,53267,ok,0,25728,1,0.0500,3760,101055,0
2,4,38,0x26,270859329955125,270859386118250,56163,ok,0,25728,1,0.0500,3865,104751,0
2,4,39,0x27,270859437667625,270859483203375,45535,ok,0,25728,1,0.0500,3973,107712,0
2,4,40,0x28,270859533959750,270859585224375,51264,ok,0,25728,1,0.0500,4069,96292,0
2,4,41,0x29,270859636426125,270859687597750,51171,ok,0,25728,1,0.0500,4171,102466,0
2,4,42,0x2a,270859738428000,270859788410375,49982,ok,0,25728,1,0.0500,4273,102001,0
2,4,43,0x2b,270859840263250,270859885306375,45043,ok,0,25728,1,0.0500,4375,101835,0
2,4,44,0x2c,270859935685750,270859990664250,54978,ok,0,25728,1,0.0500,4471,95422,0
2,4,45,0x2d,270860043799750,270860098251750,54452,ok,0,25728,1,0.0500,4579,108114,0
2,4,46,0x2e,270860149329500,270860191104000,41774,ok,0,25728,1,0.0500,4684,105529,0
2,4,47,0x2f,270860241490500,270860289872625,48382,ok,0,25728,1,0.0500,4776,92161,0
2,4,48,0x30,270860341371125,270860396644000,55272,ok,0,25728,1,0.0500,4876,99880,0
2,4,49,0x31,270860447827500,270860489620625,41793,ok,0,25728,1,0.0500,4983,106456,0
3,5,0,0x00,270860603388750,270860655080500,51691,ok,0,25728,1,0.0500,21,155561,0
3,5,1,0x01,270860706019000,270860756540250,50521,ok,0,25728,1,0.0500,123,102630,0
3,5,2,0x02,270860808434500,270860854003625,45569,ok,0,25728,1,0.0500,226,102415,0
3,5,3,0x03,270860904460250,270860955055000,50594,ok,0,25728,1,0.0500,322,96025,0
3,5,4,0x04,270861006158000,270861048100000,41942,ok,0,25728,1,0.0500,424,101697,0
3,5,5,0x05,270861099307000,270861145097750,45790,ok,0,25728,1,0.0500,517,93149,0
3,5,6,0x06,270861195916375,270861249871250,53954,ok,0,25728,1,0.0500,613,96609,0
3,5,7,0x07,270861301009375,270861358477125,57467,ok,0,25728,1,0.0500,718,105093,0
3,5,8,0x08,270861410654500,270861465819250,55164,ok,0,25728,1,0.0500,828,109645,0
3,5,9,0x09,270861516830125,270861571079125,54249,ok,0,25728,1,0.0500,934,106175,0
3,5,10,0x0a,270861621822125,270861677373375,55551,ok,0,25728,1,0.0500,1039,104992,0
3,5,11,0x0b,270861728526000,270861782533250,54007,ok,0,25728,1,0.0500,1146,106703,0
3,5,12,0x0c,270861834503375,270861883278125,48774,ok,0,25728,1,0.0500,1252,105977,0
3,5,13,0x0d,270861934410250,270861976604625,42194,ok,0,25728,1,0.0500,1352,99906,0
3,5,14,0x0e,270862027675750,270862073655625,45979,ok,0,25728,1,0.0500,1445,93265,0
3,5,15,0x0f,270862124220250,270862178107000,53886,ok,0,25728,1,0.0500,1542,96544,0
3,5,16,0x10,270862228906500,270862279329875,50423,ok,0,25728,1,0.0500,1646,104686,0
3,5,17,0x11,270862330432125,270862383534000,53101,ok,0,25728,1,0.0500,1748,101525,0
3,5,18,0x12,270862434444500,270862489692250,55247,ok,0,25728,1,0.0500,1852,104012,0
3,5,19,0x13,270862541772125,270862583581375,41809,ok,0,25728,1,0.0500,1959,107327,0
3,5,20,0x14,270862633956250,270862689222125,55265,ok,0,25728,1,0.0500,2051,92184,0
3,5,21,0x15,270862740400000,270862795659875,55259,ok,0,25728,1,0.0500,2158,106443,0
3,5,22,0x16,270862849027125,270862902889625,53862,ok,0,25728,1,0.0500,2266,108627,0
3,5,23,0x17,270862953873500,270862995855500,41982,ok,0,25728,1,0.0500,2371,104846,0
3,5,24,0x18,270863047162500,270863088972250,41809,ok,0,25728,1,0.0500,2465,93289,0
3,5,25,0x19,270863139732500,270863192638000,52905,ok,0,25728,1,0.0500,2557,92570,0
3,5,26,0x1a,270863243435875,270863293864625,50428,ok,0,25728,1,0.0500,2661,103703,0
3,5,27,0x1b,270863344650250,270863398015125,53364,ok,0,25728,1,0.0500,2762,101214,0
3,5,28,0x1c,270863448877500,270863489368625,40491,ok,0,25728,1,0.0500,2866,104227,0
3,5,29,0x1d,270863540709250,270863600451375,59742,ok,0,25728,1,0.0500,2958,91831,0
3,5,30,0x1e,270863653829000,270863710590250,56761,ok,0,25728,1,0.0500,3071,113119,0
3,5,31,0x1f,270863762020750,270863802519750,40499,ok,0,25728,1,0.0500,3179,108191,0
3,5,32,0x20,270863853765250,270863907201750,53436,ok,0,25728,1,0.0500,3271,91744,0
3,5,33,0x21,270863958965375,270864013991750,55026,ok,0,25728,1,0.0500,3376,105200,0
3,5,34,0x22,270864065199375,270864123141375,57942,ok,0,25728,1,0.0500,3483,106234,0
3,5,35,0x23,270864175129000,270864226502250,51373,ok,0,25728,1,0.0500,3593,109929,0
3,5,36,0x24,270864278287375,270864331321250,53033,ok,0,25728,1,0.0500,3696,103158,0
3,5,37,0x25,270864382529500,270864437367125,54837,ok,0,25728,1,0.0500,3800,104242,0
3,5,38,0x26,270864488101875,270864527962625,39860,ok,0,25728,1,0.0500,3906,105572,0
3,5,39,0x27,270864579271500,270864625483500,46212,ok,0,25728,1,0.0500,3997,91169,0
3,5,40,0x28,270864676913000,270864730027125,53114,ok,0,25728,1,0.0500,4094,97641,0
3,5,41,0x29,270864781417875,270864836425500,55007,ok,0,25728,1,0.0500,4199,104504,0
3,5,42,0x2a,270864887679625,270864929564875,41885,ok,0,25728,1,0.0500,4305,106261,0
3,5,43,0x2b,270864979906750,270865030122750,50216,ok,0,25728,1,0.0500,4397,92227,0
3,5,44,0x2c,270865081604125,270865138883875,57279,ok,0,25728,1,0.0500,4499,101697,0
3,5,45,0x2d,270865190109500,270865247281750,57172,ok,0,25728,1,0.0500,4608,108505,0
3,5,46,0x2e,270865297592875,270865347488125,49895,ok,0,25728,1,0.0500,4715,107483,0
3,5,47,0x2f,270865398707125,270865440990500,42283,ok,0,25728,1,0.0500,4816,101114,0
3,5,48,0x30,270865492405375,270865548244500,55839,ok,0,25728,1,0.0500,4910,93698,0
3,5,49,0x31,270865599897625,270865655275750,55378,ok,0,25728,1,0.0500,5017,107492,0
4,6,0,0x00,270865759068875,270865810457375,51388,ok,0,25728,1,0.0500,16,159171,0
4,6,1,0x01,270865861253750,270865916410375,55156,ok,0,25728,1,0.0500,118,102184,0
4,6,2,0x02,270865967581625,270866022588625,55007,ok,0,25728,1,0.0500,224,106327,0
4,6,3,0x03,270866073762250,270866128459500,54697,ok,0,25728,1,0.0500,330,106180,0
4,6,4,0x04,270866180223250,270866222303625,42080,ok,0,25728,1,0.0500,437,106461,0
4,6,5,0x05,270866273122500,270866326807000,53684,ok,0,25728,1,0.0500,530,92899,0
4,6,6,0x06,270866377691625,270866423185375,45493,ok,0,25728,1,0.0500,634,104569,0
4,6,7,0x07,270866474006125,270866526600000,52593,ok,0,25728,1,0.0500,731,96314,0
4,6,8,0x08,270866577378375,270866625284000,47905,ok,0,25728,1,0.0500,834,103372,0
4,6,9,0x09,270866676124875,270866726504125,50379,ok,0,25728,1,0.0500,933,98746,0
4,6,10,0x0a,270866778135125,270866833609125,55474,ok,0,25728,1,0.0500,1035,102010,0
4,6,11,0x0b,270866885081625,270866931268500,46186,ok,0,25728,1,0.0500,1142,106946,0
4,6,12,0x0c,270866982408125,270867037877000,55468,ok,0,25728,1,0.0500,1239,97326,0
4,6,13,0x0d,270867088702500,270867128360875,39658,ok,0,25728,1,0.0500,1345,106294,0
4,6,14,0x0e,270867179532000,270867241808000,62276,ok,0,25728,1,0.0500,1436,90829,0
4,6,15,0x0f,270867293441375,270867346657125,53215,ok,0,25728,1,0.0500,1550,113909,0
4,6,16,0x10,270867397688625,270867439663500,41974,ok,0,25728,1,0.0500,1654,104247,0
4,6,17,0x11,270867490699125,270867546004500,55305,ok,0,25728,1,0.0500,1747,93010,0
4,6,18,0x12,270867597408750,270867643088000,45679,ok,0,25728,1,0.0500,1854,106709,0
4,6,19,0x13,270867694284750,270867749647500,55362,ok,0,25728,1,0.0500,1951,96876,0
4,6,20,0x14,270867800813875,270867843284750,42470,ok,0,25728,1,0.0500,2058,106529,0
4,6,21,0x15,270867894508375,270867949895125,55386,ok,0,25728,1,0.0500,2151,93694,0
4,6,22,0x16,270868000897000,270868053837000,52940,ok,0,25728,1,0.0500,2258,106388,0
4,6,23,0x17,270868105230625,270868159802125,54571,ok,0,25728,1,0.0500,2362,104333,0
4,6,24,0x18,270868211601250,270868266965500,55364,ok,0,25728,1,0.0500,2468,106370,0
4,6,25,0x19,270868318687250,270868374529625,55842,ok,0,25728,1,0.0500,2575,107086,0
4,6,26,0x1a,270868426300875,270868481422875,55122,ok,0,25728,1,0.0500,2683,107613,0
4,6,27,0x1b,270868533116750,270868588487375,55370,ok,0,25728,1,0.0500,2790,106815,0
4,6,28,0x1c,270868639872750,270868689189125,49316,ok,0,25728,1,0.0500,2897,106756,0
4,6,29,0x1d,270868740537500,270868795872000,55334,ok,0,25728,1,0.0500,2997,100664,0
4,6,30,0x1e,270868847815625,270868903270875,55455,ok,0,25728,1,0.0500,3105,107278,0
4,6,31,0x1f,270868954854875,270869007661125,52806,ok,0,25728,1,0.0500,3212,107039,0
4,6,32,0x20,270869059503625,270869114228500,54724,ok,0,25728,1,0.0500,3316,104648,0
4,6,33,0x21,270869165948375,270869221062000,55113,ok,0,25728,1,0.0500,3423,106444,0
4,6,34,0x22,270869271989625,270869323175000,51185,ok,0,25728,1,0.0500,3529,106041,0
4,6,35,0x23,270869374964375,270869430043375,55079,ok,0,25728,1,0.0500,3632,102974,0
4,6,36,0x24,270869481852500,270869538844500,56992,ok,0,25728,1,0.0500,3739,106888,0
4,6,37,0x25,270869590546625,270869644909125,54362,ok,0,25728,1,0.0500,3847,108694,0
4,6,38,0x26,270869695733625,270869749953125,54219,ok,0,25728,1,0.0500,3952,105187,0
4,6,39,0x27,270869801558500,270869856700750,55142,ok,0,25728,1,0.0500,4058,105824,0
4,6,40,0x28,270869908534250,270869964394375,55860,ok,0,25728,1,0.0500,4165,106975,0
4,6,41,0x29,270870015404250,270870055358000,39953,ok,0,25728,1,0.0500,4272,106870,0
4,6,42,0x2a,270870106102000,270870160511500,54409,ok,0,25728,1,0.0500,4363,90697,0
4,6,43,0x2b,270870211397875,270870251479125,40081,ok,0,25728,1,0.0500,4468,105295,0
4,6,44,0x2c,270870302559125,270870356803500,54244,ok,0,25728,1,0.0500,4559,91161,0
4,6,45,0x2d,270870409305375,270870460765250,51459,ok,0,25728,1,0.0500,4666,106746,0
4,6,46,0x2e,270870512692000,270870567846875,55154,ok,0,25728,1,0.0500,4769,103386,0
4,6,47,0x2f,270870618927250,270870674562500,55635,ok,0,25728,1,0.0500,4876,106235,0
4,6,48,0x30,270870726326375,270870778606250,52279,ok,0,25728,1,0.0500,4983,107399,0
4,6,49,0x31,270870830320500,270870876455125,46134,ok,0,25728,1,0.0500,5087,103994,0
5,7,0,0x00,270870989782625,270871044743250,54960,ok,0,25728,1,0.0500,29,159462,0
5,7,1,0x01,270871095920125,270871144657750,48737,ok,0,25728,1,0.0500,135,106137,0
5,7,2,0x02,270871195456250,270871245896125,50439,ok,0,25728,1,0.0500,235,99536,0
5,7,3,0x03,270871296672625,270871347166125,50493,ok,0,25728,1,0.0500,336,101216,0
5,7,4,0x04,270871398567250,270871453945500,55378,ok,0,25728,1,0.0500,438,101894,0
5,7,5,0x05,270871504945125,270871562233250,57288,ok,0,25728,1,0.0500,544,106377,0
5,7,6,0x06,270871613519125,270871653260375,39741,ok,0,25728,1,0.0500,653,108574,0
5,7,7,0x07,270871704170750,270871746270375,42099,ok,0,25728,1,0.0500,743,90651,0
5,7,8,0x08,270871796770375,270871847249250,50478,ok,0,25728,1,0.0500,836,92599,0
5,7,9,0x09,270871898938625,270871944706250,45767,ok,0,25728,1,0.0500,938,102168,0
5,7,10,0x0a,270871995163750,270872044976000,49812,ok,0,25728,1,0.0500,1034,96225,0
5,7,11,0x0b,270872095955250,270872137977750,42022,ok,0,25728,1,0.0500,1135,100791,0
5,7,12,0x0c,270872189218125,270872244462750,55244,ok,0,25728,1,0.0500,1228,93262,0
5,7,13,0x0d,270872295245125,270872334644500,39399,ok,0,25728,1,0.0500,1334,106027,0
5,7,14,0x0e,270872385702625,270872441843625,56141,ok,0,25728,1,0.0500,1425,90457,0
5,7,15,0x0f,270872493539125,270872548771875,55232,ok,0,25728,1,0.0500,1533,107836,0
5,7,16,0x10,270872599563875,270872651138500,51574,ok,0,25728,1,0.0500,1639,106024,0
5,7,17,0x11,270872702798875,270872758056625,55257,ok,0,25728,1,0.0500,1742,103235,0
5,7,18,0x12,270872809629000,270872865142250,55513,ok,0,25728,1,0.0500,1849,106830,0
5,7,19,0x13,270872917110375,270872972453375,55343,ok,0,25728,1,0.0500,1956,107481,0
5,7,20,0x14,270873024282000,270873087074125,62792,ok,0,25728,1,0.0500,2063,107171,0
5,7,21,0x15,270873138570375,270873193541125,54970,ok,0,25728,1,0.0500,2178,114288,0
5,7,22,0x16,270873244983875,270873295517000,50533,ok,0,25728,1,0.0500,2284,106413,0
5,7,23,0x17,270873346847500,270873399480000,52632,ok,0,25728,1,0.0500,2386,101863,0
5,7,24,0x18,270873451351750,270873496661875,45310,ok,0,25728,1,0.0500,2491,104504,0
5,7,25,0x19,270873547948750,270873593668625,45719,ok,0,25728,1,0.0500,2587,96597,0
5,7,26,0x1a,270873644449375,270873695960000,51510,ok,0,25728,1,0.0500,2684,96500,0
5,7,27,0x1b,270873747001125,270873787733750,40732,ok,0,25728,1,0.0500,2786,102551,0
5,7,28,0x1c,270873838937875,270873896864125,57926,ok,0,25728,1,0.0500,2878,91936,0
5,7,29,0x1d,270873948683750,270873994369125,45685,ok,0,25728,1,0.0500,2988,109745,0
5,7,30,0x1e,270874045448000,270874099662500,54214,ok,0,25728,1,0.0500,3085,96764,0
5,7,31,0x1f,270874150710375,270874193080625,42370,ok,0,25728,1,0.0500,3190,105262,0
5,7,32,0x20,270874244672000,270874290397000,45725,ok,0,25728,1,0.0500,3284,93961,0
5,7,33,0x21,270874340739500,270874391148250,50408,ok,0,25728,1,0.0500,3380,96067,0
5,7,34,0x22,270874442514125,270874500262125,57748,ok,0,25728,1,0.0500,3482,101774,0
5,7,35,0x23,270874551272000,270874608888375,57616,ok,0,25728,1,0.0500,3590,108757,0
5,7,36,0x24,270874660572000,270874706194125,45622,ok,0,25728,1,0.0500,3700,109300,0
5,7,37,0x25,270874756695500,270874796923500,40228,ok,0,25728,1,0.0500,3796,96123,0
5,7,38,0x26,270874847703375,270874901508000,53804,ok,0,25728,1,0.0500,3887,91007,0
5,7,39,0x27,270874953193250,270874998543500,45350,ok,0,25728,1,0.0500,3992,105489,0
5,7,40,0x28,270875048992625,270875088395500,39402,ok,0,25728,1,0.0500,4088,95799,0
5,7,41,0x29,270875139184625,270875181434125,42249,ok,0,25728,1,0.0500,4178,90192,0
5,7,42,0x2a,270875232776500,270875287235625,54459,ok,0,25728,1,0.0500,4272,93591,0
5,7,43,0x2b,270875338446750,270875392453125,54006,ok,0,25728,1,0.0500,4378,105670,0
5,7,44,0x2c,270875443481125,270875503259875,59778,ok,0,25728,1,0.0500,4483,105034,0
5,7,45,0x2d,270875554627750,270875609135375,54507,ok,0,25728,1,0.0500,4594,111146,0
5,7,46,0x2e,270875660304500,270875714932250,54627,ok,0,25728,1,0.0500,4699,105676,0
5,7,47,0x2f,270875766602750,270875817775375,51172,ok,0,25728,1,0.0500,4806,106298,0
5,7,48,0x30,270875869464000,270875925739875,56275,ok,0,25728,1,0.0500,4909,102861,0
5,7,49,0x31,270875977084875,270876032215000,55130,ok,0,25728,1,0.0500,5016,107620,0
6,8,0,0x00,270876139446375,270876188754875,49308,ok,0,25728,1,0.0500,22,162361,0
6,8,1,0x01,270876239476000,270876289593375,50117,ok,0,25728,1,0.0500,122,100029,0
6,8,2,0x02,270876341320250,270876394454750,53134,ok,0,25728,1,0.0500,224,101844,0
6,8,3,0x03,270876445108500,270876485333750,40225,ok,0,25728,1,0.0500,328,103788,0
6,8,4,0x04,270876536799500,270876592349375,55549,ok,0,25728,1,0.0500,420,91691,0
6,8,5,0x05,270876644476375,270876697535250,53058,ok,0,25728,1,0.0500,527,107676,0
6,8,6,0x06,270876748764750,270876789589000,40824,ok,0,25728,1,0.0500,632,104288,0
6,8,7,0x07,270876840810375,270876896149625,55339,ok,0,25728,1,0.0500,724,92045,0
6,8,8,0x08,270876947851625,270876993794875,45943,ok,0,25728,1,0.0500,831,107041,0
6,8,9,0x09,270877044955625,270877090909125,45953,ok,0,25728,1,0.0500,928,97104,0
6,8,10,0x0a,270877142104250,270877197457125,55352,ok,0,25728,1,0.0500,1025,97148,0
6,8,11,0x0b,270877248311250,270877298364000,50052,ok,0,25728,1,0.0500,1131,106207,0
6,8,12,0x0c,270877350172625,270877396322750,46150,ok,0,25728,1,0.0500,1233,101861,0
6,8,13,0x0d,270877447110750,270877489455000,42344,ok,0,25728,1,0.0500,1330,96938,0
6,8,14,0x0e,270877539995500,270877580430250,40434,ok,0,25728,1,0.0500,1423,92884,0
6,8,15,0x0f,270877630988375,270877689102125,58113,ok,0,25728,1,0.0500,1514,90992,0
6,8,16,0x10,270877741247000,270877795739125,54492,ok,0,25728,1,0.0500,1624,110258,0
6,8,17,0x11,270877847491375,270877893259875,45768,ok,0,25728,1,0.0500,1730,106244,0
6,8,18,0x12,270877944190125,270877995484000,51293,ok,0,25728,1,0.0500,1827,96698,0
6,8,19,0x13,270878046433375,270878103099125,56665,ok,0,25728,1,0.0500,1929,102243,0
6,8,20,0x14,270878154190875,270878209389625,55198,ok,0,25728,1,0.0500,2037,107757,0
6,8,21,0x15,270878260138500,270878309952750,49814,ok,0,25728,1,0.0500,2143,105947,0
6,8,22,0x16,270878361050375,270878403360125,42309,ok,0,25728,1,0.0500,2244,100911,0
6,8,23,0x17,270878454590375,270878496464750,41874,ok,0,25728,1,0.0500,2337,93540,0
6,8,24,0x18,270878547759375,270878596122125,48362,ok,0,25728,1,0.0500,2431,93169,0
6,8,25,0x19,270878646941500,270878686503750,39562,ok,0,25728,1,0.0500,2530,99182,0
6,8,26,0x1a,270878737803125,270878793159125,55356,ok,0,25728,1,0.0500,2621,90861,0
6,8,27,0x1b,270878844073125,270878884530500,40457,ok,0,25728,1,0.0500,2727,106270,0
6,8,28,0x1c,270878935740375,270878992726500,56986,ok,0,25728,1,0.0500,2819,91667,0
6,8,29,0x1d,270879044408000,270879098849250,54441,ok,0,25728,1,0.0500,2927,108667,0
6,8,30,0x1e,270879149971625,270879192101625,42130,ok,0,25728,1,0.0500,3033,105563,0
6,8,31,0x1f,270879243385000,270879300632250,57247,ok,0,25728,1,0.0500,3126,93413,0
6,8,32,0x20,270879352570625,270879414279500,61708,ok,0,25728,1,0.0500,3235,109185,0
6,8,33,0x21,270879466225625,270879519083000,52857,ok,0,25728,1,0.0500,3349,113655,0
6,8,34,0x22,270879570651500,270879628276250,57624,ok,0,25728,1,0.0500,3454,104425,0
6,8,35,0x23,270879679162625,270879719436750,40274,ok,0,25728,1,0.0500,3562,108511,0
6,8,36,0x24,270879770782625,270879827933000,57150,ok,0,25728,1,0.0500,3654,91620,0
6,8,37,0x25,270879879867750,270879931282625,51414,ok,0,25728,1,0.0500,3763,109085,0
6,8,38,0x26,270879982706750,270880037886250,55179,ok,0,25728,1,0.0500,3866,102839,0
6,8,39,0x27,270880088737750,270880140461875,51724,ok,0,25728,1,0.0500,3972,106031,0
6,8,40,0x28,270880191276500,270880242581875,51305,ok,0,25728,1,0.0500,4074,102538,0
6,8,41,0x29,270880293640125,270880335249125,41609,ok,0,25728,1,0.0500,4177,102363,0
6,8,42,0x2a,270880386324375,270880443378875,57054,ok,0,25728,1,0.0500,4269,92684,0
6,8,43,0x2b,270880495163500,270880549997250,54833,ok,0,25728,1,0.0500,4378,108839,0
6,8,44,0x2c,270880601601125,270880658727500,57126,ok,0,25728,1,0.0500,4485,106437,0
6,8,45,0x2d,270880710430500,270880765120750,54690,ok,0,25728,1,0.0500,4593,108829,0
6,8,46,0x2e,270880815966000,270880855828375,39862,ok,0,25728,1,0.0500,4699,105535,0
6,8,47,0x2f,270880907076250,270880962141750,55065,ok,0,25728,1,0.0500,4790,91110,0
6,8,48,0x30,270881013759875,270881070752750,56992,ok,0,25728,1,0.0500,4897,106683,0
6,8,49,0x31,270881122352500,270881176267625,53915,ok,0,25728,1,0.0500,5005,108592,0
7,9,0,0x00,270881282516250,270881333134375,50618,ok,0,25728,1,0.0500,22,160163,0
7,9,1,0x01,270881384264000,270881438985375,54721,ok,0,25728,1,0.0500,123,101747,0
7,9,2,0x02,270881489968250,270881542956375,52988,ok,0,25728,1,0.0500,229,105704,0
7,9,3,0x03,270881594094250,270881645058750,50964,ok,0,25728,1,0.0500,333,104126,0
7,9,4,0x04,270881695764625,270881745722500,49957,ok,0,25728,1,0.0500,435,101670,0
7,9,5,0x05,270881797037625,270881850003125,52965,ok,0,25728,1,0.0500,536,101273,0
7,9,6,0x06,270881901227875,270881952441500,51213,ok,0,25728,1,0.0500,640,104190,0
7,9,7,0x07,270882004407000,270882060165875,55758,ok,0,25728,1,0.0500,743,103179,0
7,9,8,0x08,270882110879125,270882160768250,49889,ok,0,25728,1,0.0500,850,106472,0
7,9,9,0x09,270882211778500,270882265117875,53339,ok,0,25728,1,0.0500,951,100899,0
7,9,10,0x0a,270882316883500,270882362255000,45371,ok,0,25728,1,0.0500,1056,105105,0
7,9,11,0x0b,270882413639875,270882468644875,55005,ok,0,25728,1,0.0500,1153,96756,0
7,9,12,0x0c,270882520552875,270882565749500,45196,ok,0,25728,1,0.0500,1260,106913,0
7,9,13,0x0d,270882616201375,270882666594625,50393,ok,0,25728,1,0.0500,1355,95648,0
7,9,14,0x0e,270882717703500,270882770420875,52717,ok,0,25728,1,0.0500,1457,101502,0
7,9,15,0x0f,270882821160000,270882872402500,51242,ok,0,25728,1,0.0500,1560,103456,0
7,9,16,0x10,270882923514375,270882977661000,54146,ok,0,25728,1,0.0500,1663,102354,0
7,9,17,0x11,270883028818250,270883070588875,41770,ok,0,25728,1,0.0500,1768,105303,0
7,9,18,0x12,270883120960250,270883170691000,49730,ok,0,25728,1,0.0500,1860,92142,0
7,9,19,0x13,270883221408500,270883276197500,54789,ok,0,25728,1,0.0500,1960,100448,0
7,9,20,0x14,270883327615750,270883379870625,52254,ok,0,25728,1,0.0500,2067,106207,0
7,9,21,0x15,270883430938750,270883471337375,40398,ok,0,25728,1,0.0500,2170,103323,0
7,9,22,0x16,270883521834125,270883572637375,50803,ok,0,25728,1,0.0500,2261,90895,0
7,9,23,0x17,270883623490625,270883663510875,40020,ok,0,25728,1,0.0500,2363,101656,0
7,9,24,0x18,270883714811625,270883772373125,57561,ok,0,25728,1,0.0500,2454,91321,0
7,9,25,0x19,270883824321625,270883881118875,56797,ok,0,25728,1,0.0500,2563,109510,0
7,9,26,0x1a,270883931874125,270883983082500,51208,ok,0,25728,1,0.0500,2671,107552,0
7,9,27,0x1b,270884034819125,270884090002750,55183,ok,0,25728,1,0.0500,2774,102945,0
7,9,28,0x1c,270884141378625,270884197833375,56454,ok,0,25728,1,0.0500,2880,106559,0
7,9,29,0x1d,270884248684875,270884289002000,40317,ok,0,25728,1,0.0500,2988,107306,0
7,9,30,0x1e,270884340353500,270884393420750,53067,ok,0,25728,1,0.0500,3079,91668,0
7,9,31,0x1f,270884444795000,270884499410375,54615,ok,0,25728,1,0.0500,3184,104441,0
7,9,32,0x20,270884551255750,270884605715125,54459,ok,0,25728,1,0.0500,3290,106460,0
7,9,33,0x21,270884657504500,270884715194000,57689,ok,0,25728,1,0.0500,3397,106248,0
7,9,34,0x22,270884766561625,270884812448750,45887,ok,0,25728,1,0.0500,3506,109057,0
7,9,35,0x23,270884863547750,270884917963625,54415,ok,0,25728,1,0.0500,3603,96986,0
7,9,36,0x24,270884969723125,270885031979875,62256,ok,0,25728,1,0.0500,3709,106175,0
7,9,37,0x25,270885083783500,270885125919625,42136,ok,0,25728,1,0.0500,3823,114060,0
7,9,38,0x26,270885177101000,270885231630000,54529,ok,0,25728,1,0.0500,3916,93317,0
7,9,39,0x27,270885283311375,270885338430750,55119,ok,0,25728,1,0.0500,4022,106210,0
7,9,40,0x28,270885389655750,270885440939750,51284,ok,0,25728,1,0.0500,4129,106344,0
7,9,41,0x29,270885492809625,270885547835750,55026,ok,0,25728,1,0.0500,4232,103153,0
7,9,42,0x2a,270885599020125,270885639128375,40108,ok,0,25728,1,0.0500,4338,106210,0
7,9,43,0x2b,270885690282875,270885744638000,54355,ok,0,25728,1,0.0500,4429,91262,0
7,9,44,0x2c,270885796339000,270885852255125,55916,ok,0,25728,1,0.0500,4535,106056,0
7,9,45,0x2d,270885903977000,270885959215250,55238,ok,0,25728,1,0.0500,4643,107638,0
7,9,46,0x2e,270886011000125,270886073079625,62079,ok,0,25728,1,0.0500,4750,107023,0
7,9,47,0x2f,270886124598625,270886175799125,51200,ok,0,25728,1,0.0500,4864,113598,0
7,9,48,0x30,270886226941125,270886269157250,42216,ok,0,25728,1,0.0500,4966,102342,0
7,9,49,0x31,270886320630750,270886373175250,52544,ok,0,25728,1,0.0500,5060,93689,0
8,10,0,0x00,270886487336000,270886539045250,51709,ok,0,25728,1,0.0500,21,166705,0
8,10,1,0x01,270886590739250,270886636435625,45696,ok,0,25728,1,0.0500,124,103403,0
8,10,2,0x02,270886686814625,270886736925000,50110,ok,0,25728,1,0.0500,220,96075,0
8,10,3,0x03,270886787904375,270886842185125,54280,ok,0,25728,1,0.0500,321,101089,0
8,10,4,0x04,270886893281875,270886946670750,53388,ok,0,25728,1,0.0500,426,105377,0
8,10,5,0x05,270886998482375,270887053620125,55137,ok,0,25728,1,0.0500,532,105200,0
8,10,6,0x06,270887104406500,270887154760875,50354,ok,0,25728,1,0.0500,638,105924,0
8,10,7,0x07,270887205871875,270887258791000,52919,ok,0,25728,1,0.0500,739,101465,0
8,10,8,0x08,270887310484500,270887365570000,55085,ok,0,25728,1,0.0500,844,104612,0
8,10,9,0x09,270887416607000,270887469388500,52781,ok,0,25728,1,0.0500,950,106122,0
8,10,10,0x0a,270887520516125,270887562629125,42113,ok,0,25728,1,0.0500,1054,103909,0
8,10,11,0x0b,270887613297625,270887670512375,57214,ok,0,25728,1,0.0500,1146,92781,0
8,10,12,0x0c,270887722124375,270887771278750,49154,ok,0,25728,1,0.0500,1255,108826,0
8,10,13,0x0d,270887822669625,270887867814000,45144,ok,0,25728,1,0.0500,1356,100545,0
8,10,14,0x0e,270887918887500,270887976457375,57569,ok,0,25728,1,0.0500,1452,96217,0
8,10,15,0x0f,270888027335500,270888080467750,53132,ok,0,25728,1,0.0500,1561,108448,0
8,10,16,0x10,270888131577750,270888189197875,57620,ok,0,25728,1,0.0500,1665,104242,0
8,10,17,0x11,270888240383500,270888289312375,48928,ok,0,25728,1,0.0500,1774,108805,0
8,10,18,0x12,270888339926875,270888391483625,51556,ok,0,25728,1,0.0500,1873,99543,0
8,10,19,0x13,270888442803875,270888494204125,51400,ok,0,25728,1,0.0500,1976,102877,0
8,10,20,0x14,270888545194000,270888596455625,51261,ok,0,25728,1,0.0500,2078,102390,0
8,10,21,0x15,270888647571625,270888698689250,51117,ok,0,25728,1,0.0500,2181,102377,0
8,10,22,0x16,270888749792875,270888803865250,54072,ok,0,25728,1,0.0500,2283,102221,0
8,10,23,0x17,270888855711875,270888910492125,54780,ok,0,25728,1,0.0500,2389,105919,0
8,10,24,0x18,270888962109625,270889007470000,45360,ok,0,25728,1,0.0500,2495,106397,0
8,10,25,0x19,270889058113000,270889115107750,56994,ok,0,25728,1,0.0500,2591,96003,0
8,10,26,0x1a,270889166663875,270889224578000,57914,ok,0,25728,1,0.0500,2700,108550,0
8,10,27,0x1b,270889276697750,270889330251500,53553,ok,0,25728,1,0.0500,2810,110033,0
8,10,28,0x1c,270889382350125,270889437271750,54921,ok,0,25728,1,0.0500,2916,105652,0
8,10,29,0x1d,270889488050375,270889542386250,54335,ok,0,25728,1,0.0500,3021,105700,0
8,10,30,0x1e,270889593560500,270889643590375,50029,ok,0,25728,1,0.0500,3127,105510,0
8,10,31,0x1f,270889694793375,270889737179000,42385,ok,0,25728,1,0.0500,3228,101232,0
8,10,32,0x20,270889789012375,270889843200875,54188,ok,0,25728,1,0.0500,3322,94219,0
8,10,33,0x21,270889894326250,270889945552250,51226,ok,0,25728,1,0.0500,3428,105313,0
8,10,34,0x22,270889996675625,270890047557750,50882,ok,0,25728,1,0.0500,3530,102349,0
8,10,35,0x23,270890098381250,270890148418375,50037,ok,0,25728,1,0.0500,3632,101705,0
8,10,36,0x24,270890199532500,270890250558375,51025,ok,0,25728,1,0.0500,3733,101151,0
8,10,37,0x25,270890301957375,270890356885750,54928,ok,0,25728,1,0.0500,3835,102424,0
8,10,38,0x26,270890408820125,270890466444000,57623,ok,0,25728,1,0.0500,3942,106862,0
8,10,39,0x27,270890517153375,270890566890875,49737,ok,0,25728,1,0.0500,4050,108333,0
8,10,40,0x28,270890617975375,270890659645500,41670,ok,0,25728,1,0.0500,4151,100822,0
8,10,41,0x29,270890710111625,270890760307500,50195,ok,0,25728,1,0.0500,4243,92136,0
8,10,42,0x2a,270890811977125,270890873578375,61601,ok,0,25728,1,0.0500,4345,101865,0
8,10,43,0x2b,270890924756875,270890974847625,50090,ok,0,25728,1,0.0500,4458,112779,0
8,10,44,0x2c,270891026558500,270891081608250,55049,ok,0,25728,1,0.0500,4560,101801,0
8,10,45,0x2d,270891132626625,270891183596375,50969,ok,0,25728,1,0.0500,4666,106068,0
8,10,46,0x2e,270891234821500,270891276769750,41948,ok,0,25728,1,0.0500,4768,102194,0
8,10,47,0x2f,270891327920875,270891370182375,42261,ok,0,25728,1,0.0500,4861,93099,0
8,10,48,0x30,270891420987500,270891475891750,54904,ok,0,25728,1,0.0500,4954,93066,0
8,10,49,0x31,270891526862125,270891584775625,57913,ok,0,25728,1,0.0500,5060,105874,0
9,11,0,0x00,270891691612375,270891742937875,51325,ok,0,25728,1,0.0500,18,164750,0
9,11,1,0x01,270891794680750,270891848911125,54230,ok,0,25728,1,0.0500,121,103068,0
9,11,2,0x02,270891900144000,270891942087375,41943,ok,0,25728,1,0.0500,227,105463,0
9,11,3,0x03,270891993430125,270892050404000,56973,ok,0,25728,1,0.0500,320,93286,0
9,11,4,0x04,270892101940250,270892154788750,52848,ok,0,25728,1,0.0500,429,108510,0
9,11,5,0x05,270892206035500,270892258864125,52828,ok,0,25728,1,0.0500,533,104095,0
9,11,6,0x06,270892310377750,270892368873250,58495,ok,0,25728,1,0.0500,637,104342,0
9,11,7,0x07,270892420905125,270892474911250,54006,ok,0,25728,1,0.0500,748,110527,0
9,11,8,0x08,270892526360375,270892578750625,52390,ok,0,25728,1,0.0500,853,105455,0
9,11,9,0x09,270892629862750,270892682196250,52333,ok,0,25728,1,0.0500,957,103502,0
9,11,10,0x0a,270892733301375,270892775295750,41994,ok,0,25728,1,0.0500,1060,103438,0
9,11,11,0x0b,270892825995750,270892879103250,53107,ok,0,25728,1,0.0500,1153,92694,0
9,11,12,0x0c,270892930341500,270892988370125,58028,ok,0,25728,1,0.0500,1257,104345,0
9,11,13,0x0d,270893039560750,270893089489625,49928,ok,0,25728,1,0.0500,1366,109219,0
9,11,14,0x0e,270893140579750,270893199834000,59254,ok,0,25728,1,0.0500,1467,101019,0
9,11,15,0x0f,270893251218000,270893301067250,49849,ok,0,25728,1,0.0500,1578,110638,0
9,11,16,0x10,270893352310125,270893403324500,51014,ok,0,25728,1,0.0500,1679,101092,0
9,11,17,0x11,270893454427125,270893511610625,57183,ok,0,25728,1,0.0500,1781,102117,0
9,11,18,0x12,270893563816125,270893617990250,54174,ok,0,25728,1,0.0500,1891,109389,0
9,11,19,0x13,270893669004375,270893710715750,41711,ok,0,25728,1,0.0500,1996,105188,0
9,11,20,0x14,270893761179000,270893811484125,50305,ok,0,25728,1,0.0500,2088,92174,0
9,11,21,0x15,270893863177250,270893917192250,54015,ok,0,25728,1,0.0500,2190,101998,0
9,11,22,0x16,270893969321625,270894024402875,55081,ok,0,25728,1,0.0500,2296,106144,0
9,11,23,0x17,270894075391250,270894117397625,42006,ok,0,25728,1,0.0500,2402,106069,0
9,11,24,0x18,270894168624750,270894224294125,55669,ok,0,25728,1,0.0500,2495,93233,0
9,11,25,0x19,270894275491000,270894326470750,50979,ok,0,25728,1,0.0500,2602,106866,0
9,11,26,0x1a,270894378091000,270894432562875,54471,ok,0,25728,1,0.0500,2705,102600,0
9,11,27,0x1b,270894483668875,270894534786375,51117,ok,0,25728,1,0.0500,2810,105577,0
9,11,28,0x1c,270894586320375,270894631504750,45184,ok,0,25728,1,0.0500,2913,102651,0
9,11,29,0x1d,270894681870500,270894733167875,51297,ok,0,25728,1,0.0500,3009,95550,0
9,11,30,0x1e,270894784281000,270894835402750,51121,ok,0,25728,1,0.0500,3111,102410,0
9,11,31,0x1f,270894887016500,270894935421125,48404,ok,0,25728,1,0.0500,3214,102735,0
9,11,32,0x20,270894986417000,270895044182250,57765,ok,0,25728,1,0.0500,3313,99400,0
9,11,33,0x21,270895095397000,270895145352000,49955,ok,0,25728,1,0.0500,3422,108980,0
9,11,34,0x22,270895196407250,270895246768500,50361,ok,0,25728,1,0.0500,3523,101010,0
9,11,35,0x23,270895297486750,270895348302375,50815,ok,0,25728,1,0.0500,3624,101079,0
9,11,36,0x24,270895399727875,270895458785375,59057,ok,0,25728,1,0.0500,3727,102241,0
9,11,37,0x25,270895509967750,270895560166875,50199,ok,0,25728,1,0.0500,3837,110239,0
9,11,38,0x26,270895611600250,270895657278875,45678,ok,0,25728,1,0.0500,3938,101632,0
9,11,39,0x27,270895708641500,270895759548250,50906,ok,0,25728,1,0.0500,4035,97041,0
9,11,40,0x28,270895810440625,270895860417250,49976,ok,0,25728,1,0.0500,4137,101799,0
9,11,41,0x29,270895911168750,270895961083625,49914,ok,0,25728,1,0.0500,4238,100728,0
9,11,42,0x2a,270896011828500,270896061877875,50049,ok,0,25728,1,0.0500,4339,100659,0
9,11,43,0x2b,270896112633250,270896163016250,50383,ok,0,25728,1,0.0500,4439,100804,0
9,11,44,0x2c,270896214611000,270896269829375,55218,ok,0,25728,1,0.0500,4541,101977,0
9,11,45,0x2d,270896320582000,270896370951250,50369,ok,0,25728,1,0.0500,4647,105971,0
9,11,46,0x2e,270896422414125,270896477764625,55350,ok,0,25728,1,0.0500,4749,101832,0
9,11,47,0x2f,270896529535125,270896574991500,45456,ok,0,25728,1,0.0500,4856,107121,0
9,11,48,0x30,270896625834000,270896676964500,51130,ok,0,25728,1,0.0500,4953,96298,0
9,11,49,0x31,270896728664875,270896779872000,51207,ok,0,25728,1,0.0500,5055,102830,0
10,12,0,0x00,270896882249375,270896928585750,46336,ok,0,25728,1,0.0500,20,153584,0
10,12,1,0x01,270896979324500,270897033434750,54110,ok,0,25728,1,0.0500,117,97075,0
10,12,2,0x02,270897085081250,270897140116375,55035,ok,0,25728,1,0.0500,223,105756,0
10,12,3,0x03,270897191237250,270897241976500,50739,ok,0,25728,1,0.0500,329,106156,0
10,12,4,0x04,270897293086125,270897344204875,51118,ok,0,25728,1,0.0500,431,101848,0
10,12,5,0x05,270897395054250,270897434581000,39526,ok,0,25728,1,0.0500,533,101968,0
10,12,6,0x06,270897485754875,270897530992750,45237,ok,0,25728,1,0.0500,624,90700,0
10,12,7,0x07,270897581795375,270897635337375,53542,ok,0,25728,1,0.0500,720,96040,0
10,12,8,0x08,270897686142125,270897735785625,49643,ok,0,25728,1,0.0500,824,104346,0
10,12,9,0x09,270897787055625,270897828765500,41709,ok,0,25728,1,0.0500,925,100913,0
10,12,10,0x0a,270897879211500,270897930499000,51287,ok,0,25728,1,0.0500,1017,92155,0
10,12,11,0x0b,270897981877125,270898036100250,54223,ok,0,25728,1,0.0500,1120,102665,0
10,12,12,0x0c,270898087726875,270898142896625,55169,ok,0,25728,1,0.0500,1226,105849,0
10,12,13,0x0d,270898193639000,270898243207375,49568,ok,0,25728,1,0.0500,1332,105912,0
10,12,14,0x0e,270898293997375,270898344208750,50211,ok,0,25728,1,0.0500,1432,100358,0
10,12,15,0x0f,270898395229250,270898436995500,41766,ok,0,25728,1,0.0500,1533,101231,0
10,12,16,0x10,270898488440000,270898533353000,44913,ok,0,25728,1,0.0500,1626,93210,0
10,12,17,0x11,270898584627500,270898635709875,51082,ok,0,25728,1,0.0500,1723,96187,0
10,12,18,0x12,270898686932375,270898737965875,51033,ok,0,25728,1,0.0500,1825,102304,0
10,12,19,0x13,270898789466375,270898845847000,56380,ok,0,25728,1,0.0500,1927,102534,0
10,12,20,0x14,270898897433750,270898955036000,57602,ok,0,25728,1,0.0500,2035,107967,0
10,12,21,0x15,270899006446625,270899060635000,54188,ok,0,25728,1,0.0500,2144,109012,0
10,12,22,0x16,270899112507875,270899157657625,45149,ok,0,25728,1,0.0500,2250,106061,0
10,12,23,0x17,270899208792000,270899264109000,55317,ok,0,25728,1,0.0500,2347,96284,0
10,12,24,0x18,270899315813750,270899372316750,56503,ok,0,25728,1,0.0500,2454,107021,0
10,12,25,0x19,270899423751750,270899463890000,40138,ok,0,25728,1,0.0500,2562,107938,0
10,12,26,0x1a,270899515140500,270899572364375,57223,ok,0,25728,1,0.0500,2653,91388,0
10,12,27,0x1b,270899624305375,270899670040500,45735,ok,0,25728,1,0.0500,2762,109164,0
10,12,28,0x1c,270899720720500,270899770907625,50187,ok,0,25728,1,0.0500,2859,96415,0
10,12,29,0x1d,270899822851250,270899877716375,54865,ok,0,25728,1,0.0500,2961,102130,0
10,12,30,0x1e,270899928471000,270899979186625,50715,ok,0,25728,1,0.0500,3066,105619,0
10,12,31,0x1f,270900030161375,270900084172375,54011,ok,0,25728,1,0.0500,3168,101690,0
10,12,32,0x20,270900134956750,270900174470875,39514,ok,0,25728,1,0.0500,3273,104795,0
10,12,33,0x21,270900224946250,270900274768625,49822,ok,0,25728,1,0.0500,3363,89989,0
10,12,34,0x22,270900325509125,270900375477875,49968,ok,0,25728,1,0.0500,3463,100562,0
10,12,35,0x23,270900426623750,270900468291000,41667,ok,0,25728,1,0.0500,3565,101114,0
10,12,36,0x24,270900518671750,270900568399000,49727,ok,0,25728,1,0.0500,3657,92048,0
10,12,37,0x25,270900620456625,270900675145500,54688,ok,0,25728,1,0.0500,3758,101784,0
10,12,38,0x26,270900726844750,270900781389625,54544,ok,0,25728,1,0.0500,3865,106388,0
10,12,39,0x27,270900832173625,270900882621875,50448,ok,0,25728,1,0.0500,3970,105328,0
10,12,40,0x28,270900933406125,270900983722625,50316,ok,0,25728,1,0.0500,4071,101232,0
10,12,41,0x29,270901034936250,270901076707250,41771,ok,0,25728,1,0.0500,4173,101530,0
10,12,42,0x2a,270901127937250,270901169894875,41957,ok,0,25728,1,0.0500,4266,93001,0
10,12,43,0x2b,270901220287625,270901270215375,49927,ok,0,25728,1,0.0500,4358,92350,0
10,12,44,0x2c,270901321737125,270901375873250,54136,ok,0,25728,1,0.0500,4460,101449,0
10,12,45,0x2d,270901427134250,270901469072000,41937,ok,0,25728,1,0.0500,4565,105397,0
10,12,46,0x2e,270901519829000,270901570766375,50937,ok,0,25728,1,0.0500,4658,92694,0
10,12,47,0x2f,270901621522250,270901671955375,50433,ok,0,25728,1,0.0500,4759,101693,0
10,12,48,0x30,270901722922625,270901775232875,52310,ok,0,25728,1,0.0500,4861,101400,0
10,12,49,0x31,270901826035750,270901876280250,50244,ok,0,25728,1,0.0500,4964,103113,0
11,13,0,0x00,270901986709500,270902038960625,52251,ok,0,25728,1,0.0500,21,160673,0
11,13,1,0x01,270902090781125,270902145829375,55048,ok,0,25728,1,0.0500,125,104071,0
11,13,2,0x02,270902196674500,270902235713250,39038,ok,0,25728,1,0.0500,231,105893,0
11,13,3,0x03,270902286183250,270902326202250,40019,ok,0,25728,1,0.0500,320,89508,0
11,13,4,0x04,270902377421750,270902434588000,57166,ok,0,25728,1,0.0500,411,91238,0
11,13,5,0x05,270902486359125,270902540489500,54130,ok,0,25728,1,0.0500,520,108937,0
11,13,6,0x06,270902590882000,270902645226875,54344,ok,0,25728,1,0.0500,625,104522,0
11,13,7,0x07,270902696828375,270902747847000,51018,ok,0,25728,1,0.0500,731,105946,0
11,13,8,0x08,270902799399250,270902853554750,54155,ok,0,25728,1,0.0500,833,102570,0
11,13,9,0x09,270902903944125,270902958315625,54371,ok,0,25728,1,0.0500,938,104544,0
11,13,10,0x0a,270903009878125,270903051621375,41743,ok,0,25728,1,0.0500,1044,105934,0
11,13,11,0x0b,270903102257375,270903153231625,50974,ok,0,25728,1,0.0500,1136,92379,0
11,13,12,0x0c,270903204056000,270903254267125,50211,ok,0,25728,1,0.0500,1238,101798,0
11,13,13,0x0d,270903305381500,270903346816500,41435,ok,0,25728,1,0.0500,1339,101325,0
11,13,14,0x0e,270903397495250,270903449717250,52222,ok,0,25728,1,0.0500,1432,92113,0
11,13,15,0x0f,270903501128000,270903556315500,55187,ok,0,25728,1,0.0500,1535,103632,0
11,13,16,0x10,270903607428750,270903662038750,54610,ok,0,25728,1,0.0500,1641,106300,0
11,13,17,0x11,270903712791250,270903762766750,49975,ok,0,25728,1,0.0500,1747,105362,0
11,13,18,0x12,270903814533375,270903876820875,62287,ok,0,25728,1,0.0500,1849,101742,0
11,13,19,0x13,270903928894750,270903983341625,54446,ok,0,25728,1,0.0500,1963,114361,0
11,13,20,0x14,270904034152000,270904084394500,50242,ok,0,25728,1,0.0500,2068,105257,0
11,13,21,0x15,270904136362250,270904192311750,55949,ok,0,25728,1,0.0500,2170,102210,0
11,13,22,0x16,270904243437750,270904294327625,50889,ok,0,25728,1,0.0500,2277,107075,0
11,13,23,0x17,270904346149125,270904399948625,53799,ok,0,25728,1,0.0500,2380,102711,0
11,13,24,0x18,270904451410250,270904506677500,55267,ok,0,25728,1,0.0500,2485,105261,0
11,13,25,0x19,270904557788375,270904608766375,50978,ok,0,25728,1,0.0500,2592,106378,0
11,13,26,0x1a,270904660409625,270904715218500,54808,ok,0,25728,1,0.0500,2694,102621,0
11,13,27,0x1b,270904766335125,270904807931125,41596,ok,0,25728,1,0.0500,2800,105925,0
11,13,28,0x1c,270904859321875,270904913517375,54195,ok,0,25728,1,0.0500,2893,92986,0
11,13,29,0x1d,270904965139875,270905020263625,55123,ok,0,25728,1,0.0500,2999,105818,0
11,13,30,0x1e,270905071444750,270905123971250,52526,ok,0,25728,1,0.0500,3105,106304,0
11,13,31,0x1f,270905175538125,270905227459500,51921,ok,0,25728,1,0.0500,3210,104093,0
11,13,32,0x20,270905278564250,270905320461875,41897,ok,0,25728,1,0.0500,3313,103026,0
11,13,33,0x21,270905371236750,270905428358375,57121,ok,0,25728,1,0.0500,3405,92672,0
11,13,34,0x22,270905479548375,270905529485750,49937,ok,0,25728,1,0.0500,3514,108311,0
11,13,35,0x23,270905580315375,270905630281375,49966,ok,0,25728,1,0.0500,3614,100767,0
11,13,36,0x24,270905681302250,270905733582500,52280,ok,0,25728,1,0.0500,3715,100986,0
11,13,37,0x25,270905784376750,270905836618125,52241,ok,0,25728,1,0.0500,3818,103074,0
11,13,38,0x26,270905888446750,270905933346000,44899,ok,0,25728,1,0.0500,3922,104070,0
11,13,39,0x27,270905984740750,270906039729000,54988,ok,0,25728,1,0.0500,4019,96294,0
11,13,40,0x28,270906090622875,270906142337000,51714,ok,0,25728,1,0.0500,4125,105882,0
11,13,41,0x29,270906193414750,270906247084875,53670,ok,0,25728,1,0.0500,4227,102791,0
11,13,42,0x2a,270906297970875,270906347305500,49334,ok,0,25728,1,0.0500,4332,104556,0
11,13,43,0x2b,270906398439750,270906443615250,45175,ok,0,25728,1,0.0500,4432,100468,0
11,13,44,0x2c,270906495430000,270906540959875,45529,ok,0,25728,1,0.0500,4529,96990,0
11,13,45,0x2d,270906592444750,270906647425875,54981,ok,0,25728,1,0.0500,4626,97014,0
11,13,46,0x2e,270906698501000,270906752765000,54264,ok,0,25728,1,0.0500,4733,106056,0
11,13,47,0x2f,270906804671000,270906849703875,45032,ok,0,25728,1,0.0500,4839,106170,0
11,13,48,0x30,270906900893000,270906946024875,45131,ok,0,25728,1,0.0500,4935,96222,0
11,13,49,0x31,270906996376000,270907050571375,54195,ok,0,25728,1,0.0500,5030,95483,0
12,14,0,0x00,270907157261625,270907208413125,51151,ok,0,25728,1,0.0500,21,160885,0
12,14,1,0x01,270907259530875,270907301407375,41876,ok,0,25728,1,0.0500,123,102269,0
12,14,2,0x02,270907351861750,270907406747625,54885,ok,0,25728,1,0.0500,215,92330,0
12,14,3,0x03,270907457916500,270907507324375,49407,ok,0,25728,1,0.0500,321,106054,0
12,14,4,0x04,270907558468625,270907600737625,42269,ok,0,25728,1,0.0500,422,100552,0
12,14,5,0x05,270907651536750,270907693885375,42348,ok,0,25728,1,0.0500,515,93068,0
12,14,6,0x06,270907745188250,270907800561875,55373,ok,0,25728,1,0.0500,608,93651,0
12,14,7,0x07,270907852893125,270907907633625,54740,ok,0,25728,1,0.0500,716,107704,0
12,14,8,0x08,270907958676500,270907998834375,40157,ok,0,25728,1,0.0500,822,105783,0
12,14,9,0x09,270908049906375,270908103568875,53662,ok,0,25728,1,0.0500,913,91229,0
12,14,10,0x0a,270908155409250,270908201802625,46393,ok,0,25728,1,0.0500,1019,105502,0
12,14,11,0x0b,270908253096375,270908307958500,54862,ok,0,25728,1,0.0500,1116,97687,0
12,14,12,0x0c,270908359870125,270908415020000,55149,ok,0,25728,1,0.0500,1223,106773,0
12,14,13,0x0d,270908466812875,270908522052000,55239,ok,0,25728,1,0.0500,1330,106942,0
12,14,14,0x0e,270908573876125,270908628697625,54821,ok,0,25728,1,0.0500,1437,107063,0
12,14,15,0x0f,270908680679000,270908735514625,54835,ok,0,25728,1,0.0500,1544,106802,0
12,14,16,0x10,270908787478250,270908842738500,55260,ok,0,25728,1,0.0500,1651,106799,0
12,14,17,0x11,270908894218875,270908948877000,54658,ok,0,25728,1,0.0500,1757,106740,0
12,14,18,0x12,270908999666500,270909038716750,39050,ok,0,25728,1,0.0500,1863,105447,0
12,14,19,0x13,270909089498000,270909140822625,51324,ok,0,25728,1,0.0500,1953,89831,0
12,14,20,0x14,270909192504500,270909247715000,55210,ok,0,25728,1,0.0500,2056,103006,0
12,14,21,0x15,270909299617875,270909345291000,45673,ok,0,25728,1,0.0500,2163,107113,0
12,14,22,0x16,270909396624000,270909451360000,54736,ok,0,25728,1,0.0500,2260,97006,0
12,14,23,0x17,270909502933625,270909557729625,54796,ok,0,25728,1,0.0500,2366,106309,0
12,14,24,0x18,270909609549750,270909664980375,55430,ok,0,25728,1,0.0500,2473,106616,0
12,14,25,0x19,270909716675000,270909777563500,60888,ok,0,25728,1,0.0500,2580,107125,0
12,14,26,0x1a,270909829515125,270909882650375,53135,ok,0,25728,1,0.0500,2693,112840,0
12,14,27,0x1b,270909933818375,270909986639875,52821,ok,0,25728,1,0.0500,2797,104303,0
12,14,28,0x1c,270910038418875,270910092773625,54354,ok,0,25728,1,0.0500,2902,104600,0
12,14,29,0x1d,270910143527875,270910196387250,52859,ok,0,25728,1,0.0500,3007,105109,0
12,14,30,0x1e,270910247362125,270910287625750,40263,ok,0,25728,1,0.0500,3111,103834,0
12,14,31,0x1f,270910338845250,270910396136125,57290,ok,0,25728,1,0.0500,3202,91483,0
12,14,32,0x20,270910447787625,270910493342875,45555,ok,0,25728,1,0.0500,3311,108942,0
12,14,33,0x21,270910544854250,270910596897375,52043,ok,0,25728,1,0.0500,3408,97066,0
12,14,34,0x22,270910648548375,270910710171000,61622,ok,0,25728,1,0.0500,3512,103694,0
12,14,35,0x23,270910761707750,270910804343375,42635,ok,0,25728,1,0.0500,3625,113159,0
12,14,36,0x24,270910855547875,270910910733500,55185,ok,0,25728,1,0.0500,3719,93840,0
12,14,37,0x25,270910962479125,270911017435625,54956,ok,0,25728,1,0.0500,3826,106931,0
12,14,38,0x26,270911069048250,270911123911125,54862,ok,0,25728,1,0.0500,3932,106569,0
12,14,39,0x27,270911175779625,270911228770375,52990,ok,0,25728,1,0.0500,4039,106731,0
12,14,40,0x28,270911280472750,270911335831000,55358,ok,0,25728,1,0.0500,4144,104693,0
12,14,41,0x29,270911387483000,270911442399250,54916,ok,0,25728,1,0.0500,4251,107010,0
12,14,42,0x2a,270911494053500,270911540041625,45988,ok,0,25728,1,0.0500,4357,106570,0
12,14,43,0x2b,270911591226125,270911648464625,57238,ok,0,25728,1,0.0500,4454,97172,0
12,14,44,0x2c,270911700381125,270911759206875,58825,ok,0,25728,1,0.0500,4564,109155,0
12,14,45,0x2d,270911810369625,270911865247750,54878,ok,0,25728,1,0.0500,4674,109988,0
12,14,46,0x2e,270911916159125,270911966523000,50363,ok,0,25728,1,0.0500,4779,105789,0
12,14,47,0x2f,270912017980750,270912060436875,42456,ok,0,25728,1,0.0500,4881,101821,0
12,14,48,0x30,270912111542250,270912153146125,41603,ok,0,25728,1,0.0500,4975,93561,0
12,14,49,0x31,270912204611250,270912261817500,57206,ok,0,25728,1,0.0500,5068,93069,0
13,15,0,0x00,270912373821250,270912422900375,49079,ok,0,25728,1,0.0500,27,169210,0
13,15,1,0x01,270912474032250,270912524978875,50946,ok,0,25728,1,0.0500,128,100211,0
13,15,2,0x02,270912575958000,270912627301125,51343,ok,0,25728,1,0.0500,230,101925,0
13,15,3,0x03,270912678408250,270912720759250,42351,ok,0,25728,1,0.0500,332,102450,0
13,15,4,0x04,270912771584000,270912823959375,52375,ok,0,25728,1,0.0500,425,93175,0
13,15,5,0x05,270912874800375,270912924599875,49799,ok,0,25728,1,0.0500,528,103216,0
13,15,6,0x06,270912976608500,270913032556375,55947,ok,0,25728,1,0.0500,630,101808,0
13,15,7,0x07,270913083665875,270913124902625,41236,ok,0,25728,1,0.0500,737,107057,0
13,15,8,0x08,270913175287375,270913225125875,49838,ok,0,25728,1,0.0500,829,91621,0
13,15,9,0x09,270913277125875,270913331683750,54557,ok,0,25728,1,0.0500,931,101838,0
13,15,10,0x0a,270913382480125,270913432313875,49833,ok,0,25728,1,0.0500,1036,105354,0
13,15,11,0x0b,270913483994250,270913539156875,55162,ok,0,25728,1,0.0500,1138,101514,0
13,15,12,0x0c,270913590858625,270913646066250,55207,ok,0,25728,1,0.0500,1244,106864,0
13,15,13,0x0d,270913697242000,270913750228125,52986,ok,0,25728,1,0.0500,1351,106383,0
13,15,14,0x0e,270913801186375,270913852181875,50995,ok,0,25728,1,0.0500,1455,103944,0
13,15,15,0x0f,270913903396500,270913956463625,53067,ok,0,25728,1,0.0500,1557,102210,0
13,15,16,0x10,270914007308875,270914056588625,49279,ok,0,25728,1,0.0500,1661,103912,0
13,15,17,0x11,270914107341125,270914161621625,54280,ok,0,25728,1,0.0500,1761,100032,0
13,15,18,0x12,270914212796875,270914262928625,50131,ok,0,25728,1,0.0500,1866,105455,0
13,15,19,0x13,270914314346250,270914359949750,45603,ok,0,25728,1,0.0500,1968,101549,0
13,15,20,0x14,270914411383125,270914457054375,45671,ok,0,25728,1,0.0500,2065,97036,0
13,15,21,0x15,270914507741750,270914560605875,52864,ok,0,25728,1,0.0500,2161,96358,0
13,15,22,0x16,270914612518250,270914667617000,55098,ok,0,25728,1,0.0500,2266,104776,0
13,15,23,0x17,270914718565875,270914776481375,57915,ok,0,25728,1,0.0500,2372,106047,0
13,15,24,0x18,270914827995375,270914882356750,54361,ok,0,25728,1,0.0500,2482,109429,0
13,15,25,0x19,270914933229750,270914973131625,39901,ok,0,25728,1,0.0500,2587,105234,0
13,15,26,0x1a,270915024770625,270915077688875,52918,ok,0,25728,1,0.0500,2678,91540,0
13,15,27,0x1b,270915129090750,270915184463500,55372,ok,0,25728,1,0.0500,2783,104320,0
13,15,28,0x1c,270915236560750,270915291329625,54768,ok,0,25728,1,0.0500,2890,107470,0
13,15,29,0x1d,270915343068000,270915397674375,54606,ok,0,25728,1,0.0500,2997,106507,0
13,15,30,0x1e,270915448617000,270915500400750,51783,ok,0,25728,1,0.0500,3102,105549,0
13,15,31,0x1f,270915551459875,270915591524125,40064,ok,0,25728,1,0.0500,3205,102842,0
13,15,32,0x20,270915642676125,270915691742000,49065,ok,0,25728,1,0.0500,3296,91216,0
13,15,33,0x21,270915743586625,270915789033125,45446,ok,0,25728,1,0.0500,3397,100910,0
13,15,34,0x22,270915839737500,270915893901750,54164,ok,0,25728,1,0.0500,3493,96150,0
13,15,35,0x23,270915944929625,270915997501375,52571,ok,0,25728,1,0.0500,3599,105192,0
13,15,36,0x24,270916048911000,270916100917125,52006,ok,0,25728,1,0.0500,3703,103981,0
13,15,37,0x25,270916152549875,270916209802375,57252,ok,0,25728,1,0.0500,3806,103638,0
13,15,38,0x26,270916261509250,270916316891750,55382,ok,0,25728,1,0.0500,3915,108959,0
13,15,39,0x27,270916368844875,270916425231750,56386,ok,0,25728,1,0.0500,4022,107335,0
13,15,40,0x28,270916476685500,270916531844875,55159,ok,0,25728,1,0.0500,4130,107840,0
13,15,41,0x29,270916583795750,270916638874000,55078,ok,0,25728,1,0.0500,4237,107110,0
13,15,42,0x2a,270916690037625,270916742801375,52763,ok,0,25728,1,0.0500,4344,106241,0
13,15,43,0x2b,270916794652625,270916849770500,55117,ok,0,25728,1,0.0500,4448,104615,0
13,15,44,0x2c,270916901657625,270916957918375,56260,ok,0,25728,1,0.0500,4555,107005,0
13,15,45,0x2d,270917008641500,270917060542375,51900,ok,0,25728,1,0.0500,4662,106983,0
13,15,46,0x2e,270917112685000,270917167479250,54794,ok,0,25728,1,0.0500,4766,104043,0
13,15,47,0x2f,270917219343750,270917274150125,54806,ok,0,25728,1,0.0500,4873,106658,0
13,15,48,0x30,270917325952625,270917380795750,54843,ok,0,25728,1,0.0500,4980,106608,0
13,15,49,0x31,270917431685250,270917481879625,50194,ok,0,25728,1,0.0500,5085,105732,0
14,16,0,0x00,270917585901750,270917636988500,51086,ok,0,25728,1,0.0500,20,154216,0
14,16,1,0x01,270917687998000,270917738735875,50737,ok,0,25728,1,0.0500,122,102096,0
14,16,2,0x02,270917789805750,270917842091875,52286,ok,0,25728,1,0.0500,224,101807,0
14,16,3,0x03,270917893721375,270917939044625,45323,ok,0,25728,1,0.0500,328,103915,0
14,16,4,0x04,270917989580125,270918041473875,51893,ok,0,25728,1,0.0500,424,95858,0
14,16,5,0x05,270918092625500,270918150374625,57749,ok,0,25728,1,0.0500,527,103045,0
14,16,6,0x06,270918201936125,270918251151250,49215,ok,0,25728,1,0.0500,636,109310,0
14,16,7,0x07,270918302511250,270918357527000,55015,ok,0,25728,1,0.0500,737,100575,0
14,16,8,0x08,270918408729625,270918450324625,41595,ok,0,25728,1,0.0500,843,106218,0
14,16,9,0x09,270918501535375,270918554823875,53288,ok,0,25728,1,0.0500,936,92805,0
14,16,10,0x0a,270918605929000,270918648263750,42334,ok,0,25728,1,0.0500,1040,104393,0
14,16,11,0x0b,270918698723125,270918748641375,49918,ok,0,25728,1,0.0500,1133,92794,0
14,16,12,0x0c,270918800507750,270918855171625,54663,ok,0,25728,1,0.0500,1235,101784,0
14,16,13,0x0d,270918906817125,270918952590750,45773,ok,0,25728,1,0.0500,1341,106309,0
14,16,14,0x0e,270919003469875,270919062814625,59344,ok,0,25728,1,0.0500,1438,96652,0
14,16,15,0x0f,270919113136000,270919167333250,54197,ok,0,25728,1,0.0500,1548,109666,0
14,16,16,0x10,270919219422875,270919273594250,54171,ok,0,25728,1,0.0500,1654,106286,0
14,16,17,0x11,270919324439875,270919364789000,40349,ok,0,25728,1,0.0500,1759,105017,0
14,16,18,0x12,270919415596750,270919458154000,42557,ok,0,25728,1,0.0500,1850,91156,0
14,16,19,0x13,270919509447375,270919560817375,51370,ok,0,25728,1,0.0500,1944,93850,0
14,16,20,0x14,270919611673500,270919670920500,59247,ok,0,25728,1,0.0500,2046,102226,0
14,16,21,0x15,270919722108500,270919767144750,45036,ok,0,25728,1,0.0500,2157,110435,0
14,16,22,0x16,270919818632125,270919869758250,51126,ok,0,25728,1,0.0500,2253,96523,0
14,16,23,0x17,270919920903375,270919963203625,42300,ok,0,25728,1,0.0500,2355,102271,0
14,16,24,0x18,270920014415750,270920069596375,55180,ok,0,25728,1,0.0500,2449,93512,0
14,16,25,0x19,270920121327625,270920176535875,55208,ok,0,25728,1,0.0500,2556,106911,0
14,16,26,0x1a,270920227918375,270920283056000,55137,ok,0,25728,1,0.0500,2662,106590,0
14,16,27,0x1b,270920333920625,270920386335875,52415,ok,0,25728,1,0.0500,2768,106002,0
14,16,28,0x1c,270920437953000,270920493201750,55248,ok,0,25728,1,0.0500,2872,104032,0
14,16,29,0x1d,270920544235875,270920594501750,50265,ok,0,25728,1,0.0500,2979,106282,0
14,16,30,0x1e,270920646368625,270920700934500,54565,ok,0,25728,1,0.0500,3081,102132,0
14,16,31,0x1f,270920752291500,270920803334750,51043,ok,0,25728,1,0.0500,3187,105922,0
14,16,32,0x20,270920854273500,270920894479500,40206,ok,0,25728,1,0.0500,3289,101982,0
14,16,33,0x21,270920945716125,270921000980125,55264,ok,0,25728,1,0.0500,3380,91442,0
14,16,34,0x22,270921052826875,270921107255250,54428,ok,0,25728,1,0.0500,3487,107110,0
14,16,35,0x23,270921158952500,270921215572500,56620,ok,0,25728,1,0.0500,3593,106125,0
14,16,36,0x24,270921267373875,270921322469750,55095,ok,0,25728,1,0.0500,3702,108421,0
14,16,37,0x25,270921374304625,270921426314500,52009,ok,0,25728,1,0.0500,3809,106930,0
14,16,38,0x26,270921477687375,270921534788625,57101,ok,0,25728,1,0.0500,3912,103382,0
14,16,39,0x27,270921586354250,270921635087500,48733,ok,0,25728,1,0.0500,4021,108666,0
14,16,40,0x28,270921686455000,270921732426250,45971,ok,0,25728,1,0.0500,4121,100100,0
14,16,41,0x29,270921783234375,270921834723625,51489,ok,0,25728,1,0.0500,4218,96779,0
14,16,42,0x2a,270921886429250,270921941521125,55091,ok,0,25728,1,0.0500,4321,103194,0
14,16,43,0x2b,270921992517125,270922047773750,55256,ok,0,25728,1,0.0500,4427,106087,0
14,16,44,0x2c,270922098911750,270922141128125,42216,ok,0,25728,1,0.0500,4533,106394,0
14,16,45,0x2d,270922192599125,270922248646750,56047,ok,0,25728,1,0.0500,4627,93687,0
14,16,46,0x2e,270922300531125,270922355549625,55018,ok,0,25728,1,0.0500,4735,107932,0
14,16,47,0x2f,270922407345125,270922463738875,56393,ok,0,25728,1,0.0500,4842,106814,0
14,16,48,0x30,270922515513625,270922570817375,55303,ok,0,25728,1,0.0500,4950,108168,0
14,16,49,0x31,270922622632125,270922677991750,55359,ok,0,25728,1,0.0500,5057,107118,0
15,17,0,0x00,270922785749500,270922837503500,51754,ok,0,25728,1,0.0500,19,163117,0
15,17,1,0x01,270922888651125,270922930270500,41619,ok,0,25728,1,0.0500,122,102901,0
15,17,2,0x02,270922980757750,270923020398125,39640,ok,0,25728,1,0.0500,214,92106,0
15,17,3,0x03,270923070747250,270923120633625,49886,ok,0,25728,1,0.0500,304,89989,0
15,17,4,0x04,270923171643000,270923225692500,54049,ok,0,25728,1,0.0500,405,100895,0
15,17,5,0x05,270923276479250,270923315954750,39475,ok,0,25728,1,0.0500,510,104836,0
15,17,6,0x06,270923366567375,270923417366500,50799,ok,0,25728,1,0.0500,600,90088,0
15,17,7,0x07,270923469095250,270923515364250,46269,ok,0,25728,1,0.0500,702,102527,0
15,17,8,0x08,270923566735875,270923623831250,57095,ok,0,25728,1,0.0500,800,97640,0
15,17,9,0x09,270923674746750,270923724646750,49900,ok,0,25728,1,0.0500,908,108010,0
15,17,10,0x0a,270923775493500,270923825978000,50484,ok,0,25728,1,0.0500,1009,100746,0
15,17,11,0x0b,270923876848625,270923916160625,39312,ok,0,25728,1,0.0500,1110,101355,0
15,17,12,0x0c,270923967248000,270924009169375,41921,ok,0,25728,1,0.0500,1200,90399,0
15,17,13,0x0d,270924060637500,270924115635250,54997,ok,0,25728,1,0.0500,1294,93389,0
15,17,14,0x0e,270924167331125,270924213320375,45989,ok,0,25728,1,0.0500,1400,106693,0
15,17,15,0x0f,270924264694125,270924319476625,54782,ok,0,25728,1,0.0500,1498,97363,0
15,17,16,0x10,270924371213875,270924427542750,56328,ok,0,25728,1,0.0500,1604,106519,0
15,17,17,0x11,270924478762750,270924529715500,50952,ok,0,25728,1,0.0500,1712,107548,0
15,17,18,0x12,270924581325500,270924636464375,55138,ok,0,25728,1,0.0500,1814,102562,0
15,17,19,0x13,270924688629875,270924745673625,57043,ok,0,25728,1,0.0500,1922,107304,0
15,17,20,0x14,270924796796875,270924847980625,51183,ok,0,25728,1,0.0500,2030,108167,0
15,17,21,0x15,270924899762375,270924955194750,55432,ok,0,25728,1,0.0500,2133,102965,0
15,17,22,0x16,270925006942500,270925061701375,54758,ok,0,25728,1,0.0500,2240,107180,0
15,17,23,0x17,270925113486125,270925168965500,55479,ok,0,25728,1,0.0500,2347,106543,0
15,17,24,0x18,270925221082875,270925266801250,45718,ok,0,25728,1,0.0500,2454,107596,0
15,17,25,0x19,270925317324500,270925357887750,40563,ok,0,25728,1,0.0500,2550,96241,0
15,17,26,0x1a,270925409143500,270925460353375,51209,ok,0,25728,1,0.0500,2642,91819,0
15,17,27,0x1b,270925511966000,270925567143625,55177,ok,0,25728,1,0.0500,2745,102822,0
15,17,28,0x1c,270925618642375,270925660666750,42024,ok,0,25728,1,0.0500,2852,106676,0
15,17,29,0x1d,270925711056125,270925760904375,49848,ok,0,25728,1,0.0500,2944,92413,0
15,17,30,0x1e,270925812592625,270925867156750,54564,ok,0,25728,1,0.0500,3046,101536,0
15,17,31,0x1f,270925918020875,270925957734500,39713,ok,0,25728,1,0.0500,3151,105428,0
15,17,32,0x20,270926009096250,270926063367250,54271,ok,0,25728,1,0.0500,3242,91075,0
15,17,33,0x21,270926115068500,270926168918750,53850,ok,0,25728,1,0.0500,3348,105972,0
15,17,34,0x22,270926219654875,270926269606000,49951,ok,0,25728,1,0.0500,3453,104586,0
15,17,35,0x23,270926320620250,270926374421875,53801,ok,0,25728,1,0.0500,3554,100965,0
15,17,36,0x24,270926425878625,270926479144375,53265,ok,0,25728,1,0.0500,3659,105258,0
15,17,37,0x25,270926530773500,270926587847250,57073,ok,0,25728,1,0.0500,3764,104894,0
15,17,38,0x26,270926638881250,270926689719500,50838,ok,0,25728,1,0.0500,3872,108107,0
15,17,39,0x27,270926740902875,270926782468750,41565,ok,0,25728,1,0.0500,3974,102021,0
15,17,40,0x28,270926833602125,270926886891750,53289,ok,0,25728,1,0.0500,4067,92699,0
15,17,41,0x29,270926938144000,270926989140250,50996,ok,0,25728,1,0.0500,4171,104541,0
15,17,42,0x2a,270927041138000,270927093156250,52018,ok,0,25728,1,0.0500,4274,102994,0
15,17,43,0x2b,270927143708750,270927197853250,54144,ok,0,25728,1,0.0500,4377,102570,0
15,17,44,0x2c,270927249677250,270927291624625,41947,ok,0,25728,1,0.0500,4483,105968,0
15,17,45,0x2d,270927342306625,270927387114750,44808,ok,0,25728,1,0.0500,4575,92629,0
15,17,46,0x2e,270927437883750,270927487813750,49930,ok,0,25728,1,0.0500,4671,95577,0
15,17,47,0x2f,270927539144250,270927581436625,42292,ok,0,25728,1,0.0500,4772,101260,0
15,17,48,0x30,270927633098875,270927687090375,53991,ok,0,25728,1,0.0500,4866,93954,0
15,17,49,0x31,270927738211375,270927779928250,41716,ok,0,25728,1,0.0500,4971,105112,0
